id,order
1,"Scenario 1,Scenario 2,Scenario 5,Scenario 3,Scenario 4"
2,"Scenario 5,Scenario 4,Scenario 1,Scenario 3,Scenario 2"
3,"Scenario 3,Scenario 4,Scenario 2,Scenario 5,Scenario 1"
4,"Scenario 2,Scenario 1,Scenario 3,Scenario 5,Scenario 4"
5,"Scenario 5,Scenario 1,Scenario 4,Scenario 2,Scenario 3"
6,"Scenario 4,Scenario 3,Scenario 5,Scenario 2,Scenario 1"
7,"Scenario 2,Scenario 3,Scenario 1,Scenario 4,Scenario 5"
8,"Scenario 1,Scenario 5,Scenario 2,Scenario 4,Scenario 3"
9,"Scenario 2,Scenario 1,Scenario 3,Scenario 5,Scenario 4"
10,"Scenario 3,Scenario 2,Scenario 4,Scenario 1,Scenario 5"
11,"Scenario 4"